{
    "kid": "group_name",
    "attitude": "unsure",
    "day": 5,
    "opener": "Hey. You're $name, right? What do you think of Cassini Station so far?",
    "good": "It smells like feet",
    "bad": "It's so cool! I love retro tech!",
    "what": "It's not very pog if you know what I mean",
    "ongood": "GOD I KNOW RIGHT",
    "onbad": "Hm. Well. There's no accounting for taste I guess.",
    "onwhat": "'Pog', huh. They still saying that on earth?",
    "goodTip": "I gotta go. See ya round. Oh by the way, I love your $name!",
    "badTip": "Just a tip-- nobody around here really wears stuff like your $name anymore. Ok later!"
}